{"flutter":{"platforms":{"android":{"default":{"projectId":"smart-waste-management-3041a","appId":"1:378788627505:android:d18cd3c952595044e50110","fileOutput":"android/app/google-services.json"}},"ios":{"default":{"projectId":"smart-waste-management-3041a","appId":"1:378788627505:ios:d3401ff39eefd738e50110","uploadDebugSymbols":false,"fileOutput":"ios/Runner/GoogleService-Info.plist"}},"macos":{"default":{"projectId":"smart-waste-management-3041a","appId":"1:378788627505:ios:d3401ff39eefd738e50110","uploadDebugSymbols":false,"fileOutput":"macos/Runner/GoogleService-Info.plist"}},"dart":{"lib/firebase_options.dart":{"projectId":"smart-waste-management-3041a","configurations":{"android":"1:378788627505:android:d18cd3c952595044e50110","ios":"1:378788627505:ios:d3401ff39eefd738e50110","macos":"1:378788627505:ios:d3401ff39eefd738e50110","web":"1:378788627505:web:bc05cb057b77fc74e50110","windows":"1:378788627505:web:b0b8f430f7633560e50110"}}}}}}